{"cameraMode":{"drawMode":0,"name":"Shaded","section":"Shading Mode"},"sceneLighting":false,"audioPlay":false,"sceneViewState":{"m_AlwaysRefresh":false,"showFog":true,"showSkybox":false,"showFlares":true,"showImageEffects":true,"showParticleSystems":true,"showVisualEffectGraphs":true,"m_FxEnabled":true},"in2DMode":false,"pivot":{"x":-3.992560625076294,"y":-0.028466464951634408,"z":2.0096280574798586},"rotation":{"x":0.11862819641828537,"y":-0.6130682229995728,"z":0.09378880262374878,"w":0.7754106521606445},"size":8.66025447845459,"orthographic":false}