{"cameraMode":{"drawMode":0,"name":"Shaded","section":"Shading Mode"},"sceneLighting":true,"audioPlay":false,"sceneViewState":{"m_AlwaysRefresh":false,"showFog":true,"showSkybox":true,"showFlares":true,"showImageEffects":true,"showParticleSystems":true,"showVisualEffectGraphs":true,"m_FxEnabled":true},"in2DMode":false,"pivot":{"x":-1.2941374778747559,"y":5.8426127433776859,"z":-1.5046290159225464},"rotation":{"x":0.5335602164268494,"y":0.002528988989070058,"z":-0.001602537464350462,"w":0.8457525372505188},"size":13.29357624053955,"orthographic":false}