{"cameraMode":{"drawMode":0,"name":"Shaded","section":"Shading Mode"},"sceneLighting":true,"audioPlay":false,"sceneViewState":{"m_AlwaysRefresh":false,"showFog":true,"showSkybox":true,"showFlares":true,"showImageEffects":true,"showParticleSystems":true,"showVisualEffectGraphs":true,"m_FxEnabled":true},"in2DMode":false,"pivot":{"x":17.918746948242189,"y":9.983699798583985,"z":21.557268142700197},"rotation":{"x":0.016805918887257577,"y":0.013490944169461728,"z":-0.00023039060761220753,"w":0.9997597932815552},"size":24.811548233032228,"orthographic":false}