{"cameraMode":{"drawMode":0,"name":"Shaded","section":"Shading Mode"},"sceneLighting":false,"audioPlay":false,"sceneViewState":{"m_AlwaysRefresh":false,"showFog":true,"showSkybox":false,"showFlares":true,"showImageEffects":true,"showParticleSystems":true,"showVisualEffectGraphs":true,"m_FxEnabled":true},"in2DMode":false,"pivot":{"x":-0.0024856647942215206,"y":1.1131417751312256,"z":10.089265823364258},"rotation":{"x":0.08209934830665589,"y":-0.7241653203964233,"z":0.08754389733076096,"w":0.6790929436683655},"size":0.28318899869918826,"orthographic":false}