{"cameraMode":{"drawMode":0,"name":"Shaded","section":"Shading Mode"},"sceneLighting":false,"audioPlay":false,"sceneViewState":{"m_AlwaysRefresh":false,"showFog":true,"showSkybox":false,"showFlares":true,"showImageEffects":true,"showParticleSystems":true,"showVisualEffectGraphs":true,"m_FxEnabled":true},"in2DMode":false,"pivot":{"x":4.489912986755371,"y":1.5401983261108399,"z":-0.30227917432785036},"rotation":{"x":0.06402850896120072,"y":-0.7332690358161926,"z":0.06972776353359223,"w":0.6733031272888184},"size":4.2539520263671879,"orthographic":true}